MAKE,YEAR,MODEL
Acura,2013,ILX
Acura,2013,MDX
Acura,2013,RDX
Acura,2013,TL
Acura,2013,TSX
Acura,2013,ZDX
Audi,2013,A3
Audi,2013,A4
Audi,2013,A5
Audi,2013,A6
Audi,2013,A7
Audi,2013,A8
Audi,2013,Q5
Audi,2013,Q7
Audi,2013,RS 5
Audi,2013,S4
Audi,2013,S5
Audi,2013,S6
Audi,2013,S7
Audi,2013,S8
Audi,2013,TT
Audi,2013,TT RS
Audi,2013,TTS
Audi,2013,allroad
BMW,2013,1 Series
BMW,2013,3 Series
BMW,2013,5 Series
BMW,2013,6 Series
BMW,2013,7 Series
BMW,2013,X1
BMW,2013,X3
BMW,2013,X5
BMW,2013,X6
BMW,2013,Z4
Buick,2013,Enclave
Buick,2013,Encore
Buick,2013,LaCrosse
Buick,2013,Regal
Buick,2013,Verano
Cadillac,2013,ATS
Cadillac,2013,CTS Coupe
Cadillac,2013,CTS Sport Sedan
Cadillac,2013,CTS Sport Wagon
Cadillac,2013,CTS-V Coupe
Cadillac,2013,CTS-V Sport Sedan
Cadillac,2013,CTS-V Sport Wagon
Cadillac,2013,Escalade
Cadillac,2013,Escalade ESV
Cadillac,2013,Escalade EXT
Cadillac,2013,SRX
Cadillac,2013,XTS
Chevrolet,2013,Avalanche
Chevrolet,2013,Camaro
Chevrolet,2013,Captiva Sport
Chevrolet,2013,Corvette
Chevrolet,2013,Cruze
Chevrolet,2013,Equinox
Chevrolet,2013,Express
Chevrolet,2013,Express Cargo
Chevrolet,2013,Impala
Chevrolet,2013,Malibu
Chevrolet,2013,Silverado 1500
Chevrolet,2013,Silverado 2500HD
Chevrolet,2013,Silverado 3500
Chevrolet,2013,Silverado 3500 Chassis Cab
Chevrolet,2013,Sonic
Chevrolet,2013,Spark
Chevrolet,2013,Suburban
Chevrolet,2013,Tahoe
Chevrolet,2013,Traverse
Chevrolet,2013,Volt
Chrysler,2013,200
Chrysler,2013,300
Chrysler,2013,Town & Country
Dodge,2013,Avenger
Dodge,2013,Challenger
Dodge,2013,Charger
Dodge,2013,Dart
Dodge,2013,Durango
Dodge,2013,Grand Caravan
Dodge,2013,Journey
Fiat,2013,500
Fiat,2013,500e
Ford,2013,C-Max
Ford,2013,E-Series Econoline Van
Ford,2013,E-Series Econoline Wagon
Ford,2013,Edge
Ford,2013,Escape
Ford,2013,Expedition
Ford,2013,Explorer
Ford,2013,F-150
Ford,2013,F-250 Super Duty
Ford,2013,F-350 Super Duty
Ford,2013,F-350 Super Duty Chassis Cab
Ford,2013,F-450 Super Duty
Ford,2013,F-450 Super Duty Chassis Cab
Ford,2013,Fiesta
Ford,2013,Flex
Ford,2013,Focus
Ford,2013,Fusion
Ford,2013,Fusion Energi
Ford,2013,Mustang
Ford,2013,Taurus
GMC,2013,Acadia
GMC,2013,Savana
GMC,2013,Savana Cargo
GMC,2013,Sierra 1500
GMC,2013,Sierra 2500HD
GMC,2013,Sierra 3500
GMC,2013,Sierra 3500 Chassis Cab
GMC,2013,Sierra Denali
GMC,2013,Terrain
GMC,2013,Yukon
GMC,2013,Yukon XL
Honda,2013,Accord
Honda,2013,CR-V
Honda,2013,CR-Z
Honda,2013,Civic
Honda,2013,Crosstour
Honda,2013,Fit
Honda,2013,Insight
Honda,2013,Odyssey
Honda,2013,Pilot
Honda,2013,Ridgeline
Hyundai,2013,Accent
Hyundai,2013,Azera
Hyundai,2013,Elantra
Hyundai,2013,Elantra Coupe
Hyundai,2013,Elantra GT
Hyundai,2013,Equus
Hyundai,2013,Genesis
Hyundai,2013,Genesis Coupe
Hyundai,2013,Santa Fe
Hyundai,2013,Sonata
Hyundai,2013,Sonata Hybrid
Hyundai,2013,Tucson
Hyundai,2013,Veloster
Infiniti,2013,EX
Infiniti,2013,FX
Infiniti,2013,G Convertible
Infiniti,2013,G Coupe
Infiniti,2013,G Sedan
Infiniti,2013,JX
Infiniti,2013,M
Infiniti,2013,QX
Jeep,2013,Compass
Jeep,2013,Grand Cherokee
Jeep,2013,Patriot
Jeep,2013,Wrangler
Jeep,2013,Wrangler Unlimited
Kia,2013,Forte
Kia,2013,Forte Koup
Kia,2013,Optima
Kia,2013,Rio
Kia,2013,Rio 5-Door
Kia,2013,Sorento
Kia,2013,Soul
Kia,2013,Sportage
Lexus,2013,CT
Lexus,2013,ES
Lexus,2013,GS
Lexus,2013,GX
Lexus,2013,IS
Lexus,2013,LS
Lexus,2013,LX
Lexus,2013,RX
Lincoln,2013,MKS
Lincoln,2013,MKT
Lincoln,2013,MKX
Lincoln,2013,MKZ
Lincoln,2013,Navigator
Mazda,2013,CX-5
Mazda,2013,CX-9
Mazda,2013,MAZDA3
Mazda,2013,MAZDA5
Mazda,2013,MAZDA6
Mazda,2013,MX-5 Miata
Mazda,2013,Mazda2
Nissan,2013,370Z
Nissan,2013,Altima Coupe
Nissan,2013,Altima Sedan
Nissan,2013,Armada
Nissan,2013,Frontier
Nissan,2013,GT-R
Nissan,2013,JUKE
Nissan,2013,LEAF
Nissan,2013,Maxima
Nissan,2013,Murano
Nissan,2013,Murano CrossCabriolet
Nissan,2013,NV
Nissan,2013,NV Cargo
Nissan,2013,NV Passenger
Nissan,2013,Pathfinder
Nissan,2013,Quest
Nissan,2013,Rogue
Nissan,2013,Sentra
Nissan,2013,Titan
Nissan,2013,Versa Sedan
RAM,2013,Ram 1500 Pickup
RAM,2013,Ram 2500 Pickup
RAM,2013,Ram 3500 Cab Chassis
RAM,2013,Ram 3500 Pickup
RAM,2013,Ram 4500 Cab Chassis
RAM,2013,Ram Cargo Van
Subaru,2013,BRZ
Subaru,2013,Forester
Subaru,2013,Impreza
Subaru,2013,Legacy
Subaru,2013,Outback
Subaru,2013,Tribeca
Subaru,2013,XV Crosstrek
Toyota,2013,4Runner
Toyota,2013,Avalon
Toyota,2013,Camry
Toyota,2013,Corolla
Toyota,2013,FJ Cruiser
Toyota,2013,Highlander
Toyota,2013,Land Cruiser
Toyota,2013,Matrix
Toyota,2013,Prius
Toyota,2013,Prius Plug-In
Toyota,2013,Prius c
Toyota,2013,Prius v
Toyota,2013,RAV4
Toyota,2013,Sequoia
Toyota,2013,Sienna
Toyota,2013,Tacoma
Toyota,2013,Tundra
Toyota,2013,Venza
Toyota,2013,Yaris
Volvo,2013,C30
Volvo,2013,C70
Volvo,2013,S60
Volvo,2013,S80
Volvo,2013,XC60
Volvo,2013,XC70
Volvo,2013,XC90
Acura,2014,ILX
Acura,2014,MDX
Acura,2014,RDX
Acura,2014,RLX
Acura,2014,TL
Acura,2014,TSX
Audi,2014,A4
Audi,2014,A5
Audi,2014,A6
Audi,2014,A7
Audi,2014,A8
Audi,2014,Q5
Audi,2014,Q7
Audi,2014,R8
Audi,2014,RS 5
Audi,2014,RS7
Audi,2014,S4
Audi,2014,S5
Audi,2014,S6
Audi,2014,S7
Audi,2014,S8
Audi,2014,SQ5
Audi,2014,TT
Audi,2014,TTS
Audi,2014,allroad
BMW,2014,2 Series
BMW,2014,3 Series
BMW,2014,4 Series
BMW,2014,5 Series
BMW,2014,6 Series
BMW,2014,7 Series
BMW,2014,X1
BMW,2014,X3
BMW,2014,X5
BMW,2014,X6
BMW,2014,Z4
BMW,2014,i3
BMW,2014,i8
Buick,2014,Enclave
Buick,2014,Encore
Buick,2014,LaCrosse
Buick,2014,Regal
Buick,2014,Verano
Cadillac,2014,ATS
Cadillac,2014,CTS Coupe
Cadillac,2014,CTS Sedan
Cadillac,2014,CTS Sport Wagon
Cadillac,2014,CTS-V Coupe
Cadillac,2014,CTS-V Sport Sedan
Cadillac,2014,CTS-V Sport Wagon
Cadillac,2014,ELR
Cadillac,2014,Escalade
Cadillac,2014,Escalade ESV
Cadillac,2014,SRX
Cadillac,2014,XTS
Chevrolet,2014,Camaro
Chevrolet,2014,Captiva Sport
Chevrolet,2014,Corvette
Chevrolet,2014,Cruze
Chevrolet,2014,Equinox
Chevrolet,2014,Express
Chevrolet,2014,Express Cargo
Chevrolet,2014,Express Cutaway
Chevrolet,2014,Impala
Chevrolet,2014,Malibu
Chevrolet,2014,SS
Chevrolet,2014,Silverado 1500
Chevrolet,2014,Silverado 2500HD
Chevrolet,2014,Silverado 3500
Chevrolet,2014,Silverado 3500 Chassis Cab
Chevrolet,2014,Sonic
Chevrolet,2014,Spark
Chevrolet,2014,Suburban
Chevrolet,2014,Tahoe
Chevrolet,2014,Traverse
Chrysler,2014,200
Chrysler,2014,300
Chrysler,2014,Town & Country
Dodge,2014,Avenger
Dodge,2014,Challenger
Dodge,2014,Charger
Dodge,2014,Dart
Dodge,2014,Durango
Dodge,2014,Grand Caravan
Dodge,2014,Journey
Fiat,2014,500
Fiat,2014,500L
Fiat,2014,500e
Ford,2014,C-Max
Ford,2014,E-Series Cutaway
Ford,2014,E-Series Econoline Van
Ford,2014,E-Series Econoline Wagon
Ford,2014,Edge
Ford,2014,Escape
Ford,2014,Expedition
Ford,2014,Explorer
Ford,2014,F-150
Ford,2014,F-250 Super Duty
Ford,2014,F-350 Super Duty
Ford,2014,F-350 Super Duty Chassis Cab
Ford,2014,F-450 Super Duty
Ford,2014,F-450 Super Duty Chassis Cab
Ford,2014,Fiesta
Ford,2014,Flex
Ford,2014,Focus
Ford,2014,Fusion
Ford,2014,Fusion Energi
Ford,2014,Mustang
GMC,2014,Acadia
GMC,2014,Savana
GMC,2014,Savana Cargo
GMC,2014,Savana Cutaway
GMC,2014,Sierra 1500
GMC,2014,Sierra 2500HD
GMC,2014,Sierra 3500
GMC,2014,Sierra 3500 Chassis Cab
GMC,2014,Terrain
GMC,2014,Yukon
GMC,2014,Yukon XL
Honda,2014,Accord
Honda,2014,CR-V
Honda,2014,CR-Z
Honda,2014,Civic
Honda,2014,Crosstour
Honda,2014,Fit
Honda,2014,Insight
Honda,2014,Odyssey
Honda,2014,Pilot
Honda,2014,Ridgeline
Hyundai,2014,Accent
Hyundai,2014,Azera
Hyundai,2014,Elantra
Hyundai,2014,Elantra Coupe
Hyundai,2014,Elantra GT
Hyundai,2014,Equus
Hyundai,2014,Genesis
Hyundai,2014,Genesis Coupe
Hyundai,2014,Santa Fe
Hyundai,2014,Sonata
Hyundai,2014,Sonata Hybrid
Hyundai,2014,Tucson
Hyundai,2014,Veloster
Infiniti,2014,Q50
Infiniti,2014,Q60 Convertible
Infiniti,2014,Q60 Coupe
Infiniti,2014,Q70
Infiniti,2014,QX50
Infiniti,2014,QX60
Infiniti,2014,QX70
Infiniti,2014,QX80
Jeep,2014,Cherokee
Jeep,2014,Compass
Jeep,2014,Grand Cherokee
Jeep,2014,Patriot
Jeep,2014,Wrangler
Jeep,2014,Wrangler Unlimited
Kia,2014,Cadenza
Kia,2014,Forte
Kia,2014,Forte Koup
Kia,2014,Forte5
Kia,2014,Optima
Kia,2014,Rio
Kia,2014,Rio 5-Door
Kia,2014,Sedona
Kia,2014,Sorento
Kia,2014,Soul
Kia,2014,Sportage
Lexus,2014,CT
Lexus,2014,ES
Lexus,2014,GS
Lexus,2014,GX
Lexus,2014,IS
Lexus,2014,LS
Lexus,2014,LX
Lexus,2014,RX
Lincoln,2014,MKS
Lincoln,2014,MKT
Lincoln,2014,MKX
Lincoln,2014,MKZ
Lincoln,2014,Navigator
Mazda,2014,CX-5
Mazda,2014,CX-9
Mazda,2014,MAZDA2
Mazda,2014,MAZDA3
Mazda,2014,MAZDA5
Mazda,2014,MAZDA6
Mazda,2014,MX-5 Miata
Nissan,2014,370Z
Nissan,2014,Altima Sedan
Nissan,2014,Armada
Nissan,2014,Frontier
Nissan,2014,GT-R
Nissan,2014,JUKE
Nissan,2014,LEAF
Nissan,2014,Maxima
Nissan,2014,Murano
Nissan,2014,Murano CrossCabriolet
Nissan,2014,NV
Nissan,2014,NV Cargo
Nissan,2014,NV Passenger
Nissan,2014,Pathfinder
Nissan,2014,Pathfinder Hybrid
Nissan,2014,Quest
Nissan,2014,Rogue
Nissan,2014,Rogue Select
Nissan,2014,Sentra
Nissan,2014,Titan
RAM,2014,ProMaster Cab Chassis
RAM,2014,ProMaster Cargo Van
RAM,2014,ProMaster Cutaway
RAM,2014,ProMaster Window Van
RAM,2014,Ram 1500 Pickup
RAM,2014,Ram 2500 Pickup
RAM,2014,Ram 3500 Cab Chassis
RAM,2014,Ram 3500 Pickup
RAM,2014,Ram 4500 Cab Chassis
RAM,2014,Ram Cargo Van
Subaru,2014,BRZ
Subaru,2014,Forester
Subaru,2014,Impreza
Subaru,2014,Legacy
Subaru,2014,Outback
Subaru,2014,Tribeca
Subaru,2014,XV Crosstrek
Toyota,2014,4Runner
Toyota,2014,Avalon
Toyota,2014,Camry
Toyota,2014,Corolla
Toyota,2014,FJ Cruiser
Toyota,2014,Highlander
Toyota,2014,Land Cruiser
Toyota,2014,Prius
Toyota,2014,Prius Plug-In
Toyota,2014,Prius c
Toyota,2014,Prius v
Toyota,2014,RAV4
Toyota,2014,Sequoia
Toyota,2014,Sienna
Toyota,2014,Tacoma
Toyota,2014,Tundra
Toyota,2014,Venza
Toyota,2014,Yaris
Volvo,2014,S60
Volvo,2014,S80
Volvo,2014,XC60
Volvo,2014,XC70
Volvo,2014,XC90
Acura,2015,ILX
Acura,2015,MDX
Acura,2015,RDX
Acura,2015,RLX
Acura,2015,TLX
Audi,2015,A3 Cabriolet
Audi,2015,A3 Sedan
Audi,2015,A3 Sedan; S3
Audi,2015,A4
Audi,2015,A5
Audi,2015,A5 Cabriolet
Audi,2015,A6
Audi,2015,A7
Audi,2015,A8
Audi,2015,Q3
Audi,2015,Q5
Audi,2015,Q7
Audi,2015,R8
Audi,2015,RS 5
Audi,2015,RS 5 Cabriolet
Audi,2015,RS 7
Audi,2015,S3
Audi,2015,S4
Audi,2015,S5
Audi,2015,S5 Cabriolet
BMW,2015,2 Series
BMW,2015,3 Series
BMW,2015,4 Series
BMW,2015,5 Series
BMW,2015,6 Series
BMW,2015,7 Series
BMW,2015,M3 Sedan
BMW,2015,M4 Convertible
BMW,2015,M4 Coupe
BMW,2015,M5 Sedan
BMW,2015,M6 Convertible
BMW,2015,M6 Coupe
BMW,2015,M6 Gran Coupe
BMW,2015,X1
BMW,2015,X3
BMW,2015,X4
BMW,2015,X5
BMW,2015,X5 M
BMW,2015,X6
BMW,2015,X6 M
Buick,2015,Enclave
Buick,2015,Encore
Buick,2015,LaCrosse
Buick,2015,Regal
Buick,2015,Verano
Cadillac,2015,ATS
Cadillac,2015,ATS Coupe
Cadillac,2015,CTS Sedan
Cadillac,2015,CTS-V Coupe
Cadillac,2015,Escalade
Cadillac,2015,Escalade ESV
Cadillac,2015,SRX
Cadillac,2015,XTS
Chevrolet,2015,Camaro
Chevrolet,2015,Captiva Sport
Chevrolet,2015,City Express
Chevrolet,2015,Colorado
Chevrolet,2015,Corvette
Chevrolet,2015,Cruze
Chevrolet,2015,Equinox
Chevrolet,2015,Express Cargo
Chevrolet,2015,Express Cutaway
Chevrolet,2015,Express Passenger
Chevrolet,2015,Impala
Chevrolet,2015,Malibu
Chevrolet,2015,SS
Chevrolet,2015,Silverado 1500
Chevrolet,2015,Silverado 2500HD
Chevrolet,2015,Silverado 3500
Chevrolet,2015,Silverado 3500 Chassis Cab
Chevrolet,2015,Silverado 3500HD
Chevrolet,2015,Sonic
Chevrolet,2015,Spark
Chrysler,2015,200
Chrysler,2015,300
Chrysler,2015,Town & Country
Dodge,2015,Challenger
Dodge,2015,Charger
Dodge,2015,Dart
Dodge,2015,Durango
Dodge,2015,Grand Caravan
Dodge,2015,Journey
Dodge,2015,Viper
Fiat,2015,500
Fiat,2015,500L
Fiat,2015,500c
Fiat,2015,500e
Ford,2015,C-Max
Ford,2015,E-Series Cutaway
Ford,2015,Edge
Ford,2015,Escape
Ford,2015,Expedition
Ford,2015,Explorer
Ford,2015,F-150
Ford,2015,F-250 Super Duty
Ford,2015,F-350 Super Duty
Ford,2015,F-350 Super Duty Chassis Cab
Ford,2015,F-450 Super Duty
Ford,2015,F-450 Super Duty Chassis Cab
Ford,2015,Fiesta
Ford,2015,Flex
Ford,2015,Focus
Ford,2015,Fusion
Ford,2015,Fusion Energi
Ford,2015,Mustang
Ford,2015,Taurus
Ford,2015,Transit
GMC,2015,Acadia
GMC,2015,Canyon
GMC,2015,Savana Cargo
GMC,2015,Savana Cutaway
GMC,2015,Savana Passenger
GMC,2015,Sierra 1500
GMC,2015,Sierra 1500 Denali
GMC,2015,Sierra 2500 Denali HD
GMC,2015,Sierra 2500HD
GMC,2015,Sierra 3500
GMC,2015,Sierra 3500 Chassis Cab
GMC,2015,Sierra 3500 Denali HD
GMC,2015,Terrain
GMC,2015,Yukon
GMC,2015,Yukon XL
Honda,2015,Accord
Honda,2015,CR-V
Honda,2015,CR-Z
Honda,2015,Civic
Honda,2015,Crosstour
Honda,2015,Fit
Honda,2015,Odyssey
Honda,2015,Pilot
Hyundai,2015,Accent
Hyundai,2015,Azera
Hyundai,2015,Elantra
Hyundai,2015,Elantra GT
Hyundai,2015,Equus
Hyundai,2015,Genesis
Hyundai,2015,Genesis Coupe
Hyundai,2015,Santa Fe
Hyundai,2015,Sonata
Hyundai,2015,Sonata Hybrid
Hyundai,2015,Tucson
Hyundai,2015,Veloster
Infiniti,2015,Q40
Infiniti,2015,Q50
Infiniti,2015,Q60 Convertible
Infiniti,2015,Q60 Coupe
Infiniti,2015,Q70
Infiniti,2015,Q70L
Infiniti,2015,QX50
Infiniti,2015,QX60
Infiniti,2015,QX70
Infiniti,2015,QX80
Jeep,2015,Cherokee
Jeep,2015,Compass
Jeep,2015,Grand Cherokee
Jeep,2015,Patriot
Jeep,2015,Renegade
Jeep,2015,Wrangler
Jeep,2015,Wrangler Unlimited
Kia,2015,Cadenza
Kia,2015,Forte
Kia,2015,Forte Koup
Kia,2015,Forte5
Kia,2015,K900
Kia,2015,Optima
Kia,2015,Rio
Kia,2015,Rio 5-Door
Kia,2015,Sedona
Kia,2015,Sorento
Kia,2015,Soul
Kia,2015,Sportage
Lexus,2015,CT
Lexus,2015,ES
Lexus,2015,GS
Lexus,2015,GX
Lexus,2015,IS
Lexus,2015,LS
Lexus,2015,LX
Lexus,2015,NX
Lexus,2015,RC
Lexus,2015,RX
Lincoln,2015,MKC
Lincoln,2015,MKS
Lincoln,2015,MKT
Lincoln,2015,MKX
Lincoln,2015,MKZ
Lincoln,2015,Navigator
Mazda,2015,CX-5
Mazda,2015,CX-9
Mazda,2015,MAZDA3
Mazda,2015,MAZDA5
Mazda,2015,MAZDA6
Mazda,2015,MX-5 Miata
Nissan,2015,370Z Coupe
Nissan,2015,370Z Roadster
Nissan,2015,Altima
Nissan,2015,Armada
Nissan,2015,Frontier
Nissan,2015,GT-R
Nissan,2015,JUKE
Nissan,2015,LEAF
Nissan,2015,Murano
Nissan,2015,NV Cargo
Nissan,2015,NV Passenger
Nissan,2015,NV200
Nissan,2015,Pathfinder
Nissan,2015,Quest
Nissan,2015,Rogue
Nissan,2015,Rogue Select
Nissan,2015,Sentra
Nissan,2015,Titan
Nissan,2015,Versa Note
Nissan,2015,Versa Sedan
RAM,2015,ProMaster Cab Chassis
RAM,2015,ProMaster Cargo Van
RAM,2015,ProMaster Cutaway
RAM,2015,ProMaster Window Van
RAM,2015,Promaster City
RAM,2015,Ram 1500 Pickup
RAM,2015,Ram 2500 Pickup
RAM,2015,Ram 3500 Chassis Cab
RAM,2015,Ram 3500 Pickup
RAM,2015,Ram 4500 Chassis Cab
RAM,2015,Ram Cargo Van
Subaru,2015,BRZ
Subaru,2015,Forester
Subaru,2015,Impreza
Subaru,2015,Legacy
Subaru,2015,Outback
Subaru,2015,WRX
Subaru,2015,WRX STI
Subaru,2015,XV Crosstrek
Toyota,2015,4Runner
Toyota,2015,Avalon
Toyota,2015,Camry
Toyota,2015,Corolla
Toyota,2015,Highlander
Toyota,2015,Land Cruiser
Toyota,2015,Prius
Toyota,2015,Prius Plug-In
Toyota,2015,Prius c
Toyota,2015,Prius v
Toyota,2015,RAV4
Toyota,2015,Sequoia
Toyota,2015,Sienna
Toyota,2015,Tacoma
Toyota,2015,Tundra
Toyota,2015,Venza
Toyota,2015,Yaris
Volvo,2015,S60
Volvo,2015,S80
Volvo,2015,V60
Volvo,2015,XC60
Volvo,2015,XC70
Acura,2016,ILX
Acura,2016,MDX
Acura,2016,RDX
Acura,2016,RLX
Acura,2016,TLX
Audi,2016,A3 Cabriolet
Audi,2016,A3 Sedan
Audi,2016,A3 Sportback e-tron?
Audi,2016,A4
Audi,2016,A5 Cabriolet
Audi,2016,A5 Coupe
Audi,2016,A6
Audi,2016,A7
Audi,2016,A8
Audi,2016,Q3
Audi,2016,Q5
Audi,2016,RS 7
Audi,2016,S3
Audi,2016,S4
Audi,2016,S5 Cabriolet
Audi,2016,S5 Coupe
Audi,2016,S6
Audi,2016,S7
Audi,2016,S8
Audi,2016,SQ5
BMW,2016,2 Series
BMW,2016,3 Series
BMW,2016,4 Series
BMW,2016,5 Series
BMW,2016,6 Series
BMW,2016,7 Series
BMW,2016,M2 Coupe
BMW,2016,M3 Sedan
BMW,2016,M4 Convertible
BMW,2016,M4 Coupe
BMW,2016,M5 Sedan
BMW,2016,M6 Convertible
BMW,2016,M6 Coupe
BMW,2016,M6 Gran Coupe
BMW,2016,X1
BMW,2016,X3
BMW,2016,X4
BMW,2016,X5
BMW,2016,X5 M
BMW,2016,X6
Buick,2016,Cascada
Buick,2016,Enclave
Buick,2016,Encore
Buick,2016,Envision
Buick,2016,LaCrosse
Buick,2016,Regal
Buick,2016,Verano
Cadillac,2016,ATS
Cadillac,2016,ATS Coupe
Cadillac,2016,ATS-V Coupe
Cadillac,2016,ATS-V Sedan
Cadillac,2016,CT6
Cadillac,2016,CTS Sedan
Cadillac,2016,CTS-V Sedan
Cadillac,2016,ELR
Cadillac,2016,Escalade
Cadillac,2016,Escalade ESV
Cadillac,2016,SRX
Cadillac,2016,XTS
Chevrolet,2016,Camaro
Chevrolet,2016,City Express
Chevrolet,2016,Colorado
Chevrolet,2016,Corvette
Chevrolet,2016,Cruze
Chevrolet,2016,Cruze Limited
Chevrolet,2016,Equinox
Chevrolet,2016,Express Cargo
Chevrolet,2016,Express Cutaway
Chevrolet,2016,Express Passenger
Chevrolet,2016,Impala
Chevrolet,2016,Impala Limited
Chevrolet,2016,Low Cab Forward
Chevrolet,2016,Malibu
Chevrolet,2016,Malibu Limited
Chevrolet,2016,SS
Chevrolet,2016,Silverado 1500
Chevrolet,2016,Silverado 2500HD
Chevrolet,2016,Silverado 3500 Chassis Cab
Chevrolet,2016,Silverado 3500HD
Chrysler,2016,200
Chrysler,2016,300
Chrysler,2016,Town & Country
Dodge,2016,Challenger
Dodge,2016,Charger
Dodge,2016,Dart
Dodge,2016,Durango
Dodge,2016,Grand Caravan
Dodge,2016,Journey
Dodge,2016,Viper
Fiat,2016,500
Fiat,2016,500L
Fiat,2016,500X
Fiat,2016,500c
Fiat,2016,500e
Ford,2016,C-Max
Ford,2016,E-Series Cutaway
Ford,2016,Edge
Ford,2016,Escape
Ford,2016,Expedition
Ford,2016,Explorer
Ford,2016,F-150
Ford,2016,F-250 Super Duty
Ford,2016,F-350 Super Duty
Ford,2016,F-350 Super Duty Chassis Cab
Ford,2016,F-450 Super Duty
Ford,2016,F-450 Super Duty Chassis Cab
Ford,2016,Fiesta
Ford,2016,Flex
Ford,2016,Focus
Ford,2016,Fusion
Ford,2016,Fusion Energi
Ford,2016,Fusion Hybrid
Ford,2016,Mustang
Ford,2016,Taurus
GMC,2016,Acadia
GMC,2016,Canyon
GMC,2016,Savana Cargo
GMC,2016,Savana Cutaway
GMC,2016,Savana Passenger
GMC,2016,Sierra 1500
GMC,2016,Sierra 1500 Denali
GMC,2016,Sierra 2500 Denali HD
GMC,2016,Sierra 2500HD
GMC,2016,Sierra 3500 Chassis Cab
GMC,2016,Sierra 3500 Denali HD
GMC,2016,Sierra 3500HD
GMC,2016,Terrain
GMC,2016,Yukon
GMC,2016,Yukon XL
Honda,2016,Accord
Honda,2016,CR-V
Honda,2016,CR-Z
Honda,2016,Civic
Honda,2016,Fit
Honda,2016,HR-V
Honda,2016,Odyssey
Honda,2016,Pilot
Hyundai,2016,Accent
Hyundai,2016,Azera
Hyundai,2016,Elantra
Hyundai,2016,Elantra GT
Hyundai,2016,Equus
Hyundai,2016,Genesis
Hyundai,2016,Genesis Coupe
Hyundai,2016,Santa Fe
Hyundai,2016,Sonata
Hyundai,2016,Sonata Hybrid
Hyundai,2016,Sonata Plug-in Hybrid
Hyundai,2016,Tucson
Hyundai,2016,Veloster
Infiniti,2016,Q50
Infiniti,2016,Q70
Infiniti,2016,Q70L
Infiniti,2016,QX50
Infiniti,2016,QX60
Infiniti,2016,QX70
Infiniti,2016,QX80
Jeep,2016,Cherokee
Jeep,2016,Compass
Jeep,2016,Grand Cherokee
Jeep,2016,Patriot
Jeep,2016,Renegade
Jeep,2016,Wrangler
Jeep,2016,Wrangler Unlimited
Kia,2016,Cadenza
Kia,2016,Forte
Kia,2016,Forte Koup
Kia,2016,Forte5
Kia,2016,K900
Kia,2016,Optima
Kia,2016,Rio
Kia,2016,Rio 5-Door
Kia,2016,Sedona
Kia,2016,Sorento
Kia,2016,Soul
Kia,2016,Sportage
Lexus,2016,CT
Lexus,2016,ES
Lexus,2016,GS
Lexus,2016,GX
Lexus,2016,IS
Lexus,2016,LS
Lexus,2016,LX
Lexus,2016,NX
Lexus,2016,RC
Lexus,2016,RX
Lincoln,2016,MKC
Lincoln,2016,MKS
Lincoln,2016,MKT
Lincoln,2016,MKX
Lincoln,2016,MKZ
Lincoln,2016,Navigator
Mazda,2016,CX-3
Mazda,2016,CX-5
Mazda,2016,CX-9
Mazda,2016,MAZDA3
Mazda,2016,MAZDA6
Mazda,2016,MX-5 Miata
Nissan,2016,370Z Coupe
Nissan,2016,370Z Roadster
Nissan,2016,Altima
Nissan,2016,Frontier
Nissan,2016,GT-R
Nissan,2016,JUKE
Nissan,2016,LEAF
Nissan,2016,Maxima
Nissan,2016,Murano
Nissan,2016,NV Cargo
Nissan,2016,NV Passenger
Nissan,2016,NV200
Nissan,2016,Pathfinder
Nissan,2016,Quest
Nissan,2016,Rogue
Nissan,2016,Sentra
Nissan,2016,Titan XD
Nissan,2016,Versa Note
Nissan,2016,Versa Sedan
RAM,2016,ProMaster Cab Chassis
RAM,2016,ProMaster Cargo Van
RAM,2016,ProMaster Cutaway
RAM,2016,ProMaster Window Van
RAM,2016,Promaster City
RAM,2016,Ram 1500 Pickup
RAM,2016,Ram 2500 Pickup
RAM,2016,Ram 3500 Chassis Cab
RAM,2016,Ram 3500 Pickup
RAM,2016,Ram 4500 Chassis Cab
Subaru,2016,BRZ
Subaru,2016,Crosstrek
Subaru,2016,Forester
Subaru,2016,Impreza
Subaru,2016,Legacy
Subaru,2016,Outback
Subaru,2016,WRX
Subaru,2016,WRX STI
Toyota,2016,4Runner
Toyota,2016,Avalon
Toyota,2016,Camry
Toyota,2016,Corolla
Toyota,2016,Highlander
Toyota,2016,Land Cruiser
Toyota,2016,Mirai
Toyota,2016,Prius
Toyota,2016,Prius c
Toyota,2016,Prius v
Toyota,2016,RAV4
Toyota,2016,Sequoia
Toyota,2016,Sienna
Toyota,2016,Tacoma
Toyota,2016,Tundra
Toyota,2016,Yaris
Volvo,2016,S60
Volvo,2016,S80
Volvo,2016,V60
Volvo,2016,XC60
Volvo,2016,XC70
Volvo,2016,XC90
Acura,2017,ILX
Acura,2017,MDX
Acura,2017,NSX
Acura,2017,RDX
Acura,2017,RLX
Acura,2017,TLX
Audi,2017,A3 Cabriolet
Audi,2017,A3 Sedan
Audi,2017,A3 Sportback e-tron?
Audi,2017,A4
Audi,2017,A5 Cabriolet
Audi,2017,A5 Coupe
Audi,2017,A6
Audi,2017,A7
Audi,2017,A8
Audi,2017,Q3
Audi,2017,Q5
Audi,2017,Q7
Audi,2017,R8
Audi,2017,RS 3
Audi,2017,RS 7
Audi,2017,S3
Audi,2017,S5 Cabriolet
Audi,2017,S5 Coupe
Audi,2017,S6
Audi,2017,S7
BMW,2017,2 Series
BMW,2017,3 Series
BMW,2017,4 Series
BMW,2017,5 Series
BMW,2017,6 Series Convertible
BMW,2017,6 Series Coupe
BMW,2017,6 Series Gran Coupe
BMW,2017,6 Series Gran Coupe; ALPINA B6 Gran Coupe
BMW,2017,7 Series
BMW,2017,M2 Coupe
BMW,2017,M3 Sedan
BMW,2017,M4 Convertible
BMW,2017,M4 Coupe
BMW,2017,M6 Convertible
BMW,2017,M6 Coupe
BMW,2017,M6 Gran Coupe
BMW,2017,X1
BMW,2017,X3
BMW,2017,X4
BMW,2017,X5
Buick,2017,Cascada
Buick,2017,Enclave
Buick,2017,Encore
Buick,2017,Envision
Buick,2017,LaCrosse
Buick,2017,Regal
Buick,2017,Verano
Cadillac,2017,ATS Coupe
Cadillac,2017,ATS Sedan
Cadillac,2017,ATS-V Coupe
Cadillac,2017,ATS-V Sedan
Cadillac,2017,CT6
Cadillac,2017,CTS Sedan
Cadillac,2017,CTS-V Sedan
Cadillac,2017,Escalade
Cadillac,2017,Escalade ESV
Cadillac,2017,XT5
Cadillac,2017,XTS
Chevrolet,2017,Bolt EV
Chevrolet,2017,Camaro
Chevrolet,2017,City Express
Chevrolet,2017,Colorado
Chevrolet,2017,Corvette
Chevrolet,2017,Cruze
Chevrolet,2017,Equinox
Chevrolet,2017,Express Cargo
Chevrolet,2017,Express Cutaway
Chevrolet,2017,Express Passenger
Chevrolet,2017,Impala
Chevrolet,2017,Low Cab Forward
Chevrolet,2017,Malibu
Chevrolet,2017,SS
Chevrolet,2017,Silverado 1500
Chevrolet,2017,Silverado 2500HD
Chevrolet,2017,Silverado 3500 Chassis Cab
Chevrolet,2017,Silverado 3500HD
Chevrolet,2017,Sonic
Chevrolet,2017,Spark
Chrysler,2017,200
Chrysler,2017,300
Chrysler,2017,Pacifica
Chrysler,2017,Pacifica Hybrid
Dodge,2017,Challenger
Dodge,2017,Charger
Dodge,2017,Durango
Dodge,2017,Grand Caravan
Dodge,2017,Journey
Dodge,2017,Viper
Fiat,2017,124 Spider
Fiat,2017,500
Fiat,2017,500L
Fiat,2017,500X
Fiat,2017,500c
Fiat,2017,500e
Ford,2017,C-Max
Ford,2017,E-Series Cutaway
Ford,2017,Edge
Ford,2017,Escape
Ford,2017,Expedition
Ford,2017,Explorer
Ford,2017,F-150
Ford,2017,F-250 Super Duty
Ford,2017,F-350 Super Duty
Ford,2017,F-350 Super Duty Chassis Cab
Ford,2017,F-450 Super Duty
Ford,2017,F-450 Super Duty Chassis Cab
Ford,2017,Fiesta
Ford,2017,Flex
Ford,2017,Focus
Ford,2017,Fusion
Ford,2017,Fusion Energi
Ford,2017,Fusion Hybrid
Ford,2017,Mustang
Ford,2017,Taurus
GMC,2017,Acadia
GMC,2017,Acadia Limited
GMC,2017,Canyon
GMC,2017,Savana Cargo
GMC,2017,Savana Cutaway
GMC,2017,Savana Passenger
GMC,2017,Sierra 1500
GMC,2017,Sierra 1500 Denali
GMC,2017,Sierra 2500 Denali HD
GMC,2017,Sierra 2500HD
GMC,2017,Sierra 3500 Chassis Cab
GMC,2017,Sierra 3500 Denali HD
GMC,2017,Sierra 3500HD
GMC,2017,Terrain
GMC,2017,Yukon
GMC,2017,Yukon XL
Honda,2017,Accord
Honda,2017,CR-V
Honda,2017,Civic
Honda,2017,Civic Hatchback
Honda,2017,Clarity
Honda,2017,Fit
Honda,2017,HR-V
Honda,2017,Odyssey
Honda,2017,Pilot
Honda,2017,Ridgeline
Hyundai,2017,Accent
Hyundai,2017,Azera
Hyundai,2017,Elantra
Hyundai,2017,Elantra GT
Hyundai,2017,Ioniq
Hyundai,2017,Santa Fe
Hyundai,2017,Sonata
Hyundai,2017,Sonata Hybrid
Hyundai,2017,Sonata Plug-in Hybrid
Hyundai,2017,Tucson
Hyundai,2017,Veloster
Infiniti,2017,Q50
Infiniti,2017,Q60 Coupe
Infiniti,2017,Q70
Infiniti,2017,Q70L
Infiniti,2017,QX30
Infiniti,2017,QX50
Infiniti,2017,QX60
Infiniti,2017,QX70
Infiniti,2017,QX80
Jeep,2017,All-New Compass
Jeep,2017,Cherokee
Jeep,2017,Compass
Jeep,2017,Grand Cherokee
Jeep,2017,Patriot
Jeep,2017,Renegade
Jeep,2017,Wrangler
Jeep,2017,Wrangler Unlimited
Kia,2017,Cadenza
Kia,2017,Forte
Kia,2017,Forte5
Kia,2017,K900
Kia,2017,Niro
Kia,2017,Optima
Kia,2017,Rio
Kia,2017,Rio 5-Door
Kia,2017,Sedona
Kia,2017,Sorento
Kia,2017,Soul
Kia,2017,Sportage
Lexus,2017,CT
Lexus,2017,ES
Lexus,2017,GS
Lexus,2017,GX
Lexus,2017,IS
Lexus,2017,LS
Lexus,2017,LX
Lexus,2017,NX
Lexus,2017,RC
Lexus,2017,RX
Lincoln,2017,Continental
Lincoln,2017,MKC
Lincoln,2017,MKT
Lincoln,2017,MKX
Lincoln,2017,MKZ
Lincoln,2017,Navigator
Mazda,2017,CX-3
Mazda,2017,CX-5
Mazda,2017,CX-9
Mazda,2017,MAZDA6
Mazda,2017,MX-5 Miata
Mazda,2017,MX-5 Miata RF
Mazda,2017,Mazda3
Nissan,2017,370Z Coupe
Nissan,2017,370Z Roadster
Nissan,2017,Altima
Nissan,2017,Armada
Nissan,2017,Frontier
Nissan,2017,GT-R
Nissan,2017,JUKE
Nissan,2017,LEAF
Nissan,2017,Maxima
Nissan,2017,Murano
Nissan,2017,NV Cargo
Nissan,2017,NV Passenger
Nissan,2017,NV200
Nissan,2017,Pathfinder
Nissan,2017,Rogue
Nissan,2017,Rogue Sport
Nissan,2017,Sentra
Nissan,2017,Titan
Nissan,2017,Titan XD
Nissan,2017,Versa Note
RAM,2017,ProMaster Cab Chassis
RAM,2017,ProMaster Cargo Van
RAM,2017,ProMaster Cutaway
RAM,2017,ProMaster Window Van
RAM,2017,Promaster City
RAM,2017,Ram 1500 Pickup
RAM,2017,Ram 2500 Pickup
RAM,2017,Ram 3500 Chassis Cab
RAM,2017,Ram 3500 Pickup
RAM,2017,Ram 4500 Chassis Cab
Subaru,2017,BRZ
Subaru,2017,Crosstrek
Subaru,2017,Forester
Subaru,2017,Impreza
Subaru,2017,Legacy
Subaru,2017,Outback
Subaru,2017,WRX
Subaru,2017,WRX STI
Toyota,2017,4Runner
Toyota,2017,86
Toyota,2017,Avalon
Toyota,2017,Camry
Toyota,2017,Corolla
Toyota,2017,Corolla iM
Toyota,2017,Highlander
Toyota,2017,Land Cruiser
Toyota,2017,Mirai
Toyota,2017,Prius
Toyota,2017,Prius Prime
Toyota,2017,Prius c
Toyota,2017,Prius v
Toyota,2017,RAV4
Toyota,2017,Sequoia
Toyota,2017,Sienna
Toyota,2017,Tacoma
Toyota,2017,Tundra
Toyota,2017,Yaris
Toyota,2017,Yaris iA
Volvo,2017,S60
Volvo,2017,S90
Volvo,2017,V60
Volvo,2017,V90 Cross Country
Volvo,2017,XC60
Volvo,2017,XC90
Acura,2018,ILX
Acura,2018,MDX
Acura,2018,NSX
Acura,2018,RDX
Acura,2018,RLX
Acura,2018,TLX
Audi,2018,A3 Cabriolet
Audi,2018,A3 Sedan
Audi,2018,A3 Sportback e-tron?
Audi,2018,A4
Audi,2018,A5 Cabriolet
Audi,2018,A5 Coupe
Audi,2018,A5 Sportback
Audi,2018,A6
Audi,2018,A7
Audi,2018,A8
Audi,2018,Q3
Audi,2018,Q5
Audi,2018,Q7
Audi,2018,R8
Audi,2018,RS 3
Audi,2018,RS 5
Audi,2018,RS 7
Audi,2018,S3
Audi,2018,S4
Audi,2018,S5 Cabriolet
BMW,2018,2 Series
BMW,2018,3 Series
BMW,2018,4 Series
BMW,2018,5 Series
BMW,2018,6 Series Convertible
BMW,2018,6 Series Gran Coupe
BMW,2018,6 Series Gran Coupe; ALPINA B6 Gran Coupe
BMW,2018,6 Series Gran Turismo
BMW,2018,7 Series
BMW,2018,M2 Coupe
BMW,2018,M3 Sedan
BMW,2018,M4 Convertible
BMW,2018,M4 Coupe
BMW,2018,M5
BMW,2018,M6 Convertible
BMW,2018,M6 Gran Coupe
BMW,2018,X1
BMW,2018,X2
BMW,2018,X3
BMW,2018,X4
Buick,2018,Cascada
Buick,2018,Enclave
Buick,2018,Encore
Buick,2018,Envision
Buick,2018,LaCrosse
Buick,2018,Regal Sportback
Buick,2018,Regal TourX
Cadillac,2018,ATS Coupe
Cadillac,2018,ATS Sedan
Cadillac,2018,ATS-V Coupe
Cadillac,2018,ATS-V Sedan
Cadillac,2018,CT6
Cadillac,2018,CTS Sedan
Cadillac,2018,CTS-V Sedan
Cadillac,2018,Escalade
Cadillac,2018,Escalade ESV
Cadillac,2018,XT5
Cadillac,2018,XTS
Chevrolet,2018,Bolt EV
Chevrolet,2018,Camaro
Chevrolet,2018,City Express
Chevrolet,2018,Colorado
Chevrolet,2018,Corvette
Chevrolet,2018,Cruze
Chevrolet,2018,Equinox
Chevrolet,2018,Express Cargo
Chevrolet,2018,Express Cutaway
Chevrolet,2018,Express Passenger
Chevrolet,2018,Impala
Chevrolet,2018,Low Cab Forward
Chevrolet,2018,Malibu
Chevrolet,2018,Silverado 1500
Chevrolet,2018,Silverado 2500HD
Chevrolet,2018,Silverado 3500 Chassis Cab
Chevrolet,2018,Silverado 3500HD
Chevrolet,2018,Sonic
Chevrolet,2018,Spark
Chevrolet,2018,Suburban
Chrysler,2018,300
Chrysler,2018,Pacifica
Chrysler,2018,Pacifica Hybrid
Dodge,2018,Challenger
Dodge,2018,Charger
Dodge,2018,Durango
Dodge,2018,Grand Caravan
Dodge,2018,Journey
Fiat,2018,124 Spider
Fiat,2018,500
Fiat,2018,500L
Fiat,2018,500X
Fiat,2018,500c
Fiat,2018,500e
Ford,2018,C-Max
Ford,2018,E-Series Cutaway
Ford,2018,EcoSport
Ford,2018,Edge
Ford,2018,Escape
Ford,2018,Expedition
Ford,2018,Explorer
Ford,2018,F-150
Ford,2018,F-250 Super Duty
Ford,2018,F-350 Super Duty
Ford,2018,F-350 Super Duty Chassis Cab
Ford,2018,F-450 Super Duty
Ford,2018,F-450 Super Duty Chassis Cab
Ford,2018,Fiesta
Ford,2018,Flex
Ford,2018,Focus
Ford,2018,Fusion
Ford,2018,Fusion Energi
Ford,2018,Fusion Hybrid
Ford,2018,Mustang
GMC,2018,Acadia
GMC,2018,Canyon
GMC,2018,Savana Cargo
GMC,2018,Savana Cutaway
GMC,2018,Savana Passenger
GMC,2018,Sierra 1500
GMC,2018,Sierra 1500 Denali
GMC,2018,Sierra 2500 Denali HD
GMC,2018,Sierra 2500HD
GMC,2018,Sierra 3500 Chassis Cab
GMC,2018,Sierra 3500 Denali HD
GMC,2018,Sierra 3500HD
GMC,2018,Terrain
GMC,2018,Yukon
GMC,2018,Yukon XL
Honda,2018,Accord
Honda,2018,CR-V
Honda,2018,Civic
Honda,2018,Civic Hatchback
Honda,2018,Clarity
Honda,2018,Fit
Honda,2018,HR-V
Honda,2018,Odyssey
Honda,2018,Pilot
Honda,2018,Ridgeline
Hyundai,2018,Accent
Hyundai,2018,Elantra
Hyundai,2018,Elantra GT
Hyundai,2018,Ioniq
Hyundai,2018,Kona
Hyundai,2018,Santa Fe
Hyundai,2018,Santa Fe Sport
Hyundai,2018,Sonata
Hyundai,2018,Sonata Hybrid
Hyundai,2018,Sonata Plug-in Hybrid
Hyundai,2018,Tucson
Infiniti,2018,Q50
Infiniti,2018,Q60 Coupe
Infiniti,2018,Q70
Infiniti,2018,Q70L
Infiniti,2018,QX30
Infiniti,2018,QX60
Infiniti,2018,QX80
Jeep,2018,All-New Compass
Jeep,2018,All-New Compass; Compass
Jeep,2018,All-New Wrangler
Jeep,2018,All-New Wrangler Unlimited
Jeep,2018,Cherokee
Jeep,2018,Compass
Jeep,2018,Grand Cherokee
Jeep,2018,Renegade
Jeep,2018,Wrangler JK
Jeep,2018,Wrangler JK Unlimited
Kia,2018,Cadenza
Kia,2018,Forte
Kia,2018,Forte5
Kia,2018,Niro
Kia,2018,Optima
Kia,2018,Rio
Kia,2018,Rio 5-Door
Kia,2018,Sedona
Kia,2018,Sorento
Kia,2018,Soul
Kia,2018,Sportage
Kia,2018,Stinger
Lexus,2018,ES
Lexus,2018,GS
Lexus,2018,GX
Lexus,2018,IS
Lexus,2018,LC
Lexus,2018,LS
Lexus,2018,LX
Lexus,2018,NX
Lexus,2018,RC
Lexus,2018,RX
Lincoln,2018,Continental
Lincoln,2018,MKC
Lincoln,2018,MKT
Lincoln,2018,MKX
Lincoln,2018,MKZ
Lincoln,2018,Navigator
Mazda,2018,CX-3
Mazda,2018,CX-5
Mazda,2018,CX-9
Mazda,2018,MAZDA6
Mazda,2018,MX-5 Miata
Mazda,2018,MX-5 Miata RF
Mazda,2018,Mazda3
Nissan,2018,370Z Coupe
Nissan,2018,370Z Roadster
Nissan,2018,Altima
Nissan,2018,Armada
Nissan,2018,Frontier
Nissan,2018,GT-R
Nissan,2018,Kicks
Nissan,2018,LEAF
Nissan,2018,Maxima
Nissan,2018,Murano
Nissan,2018,NV Cargo
Nissan,2018,NV Passenger
Nissan,2018,NV200
Nissan,2018,Pathfinder
Nissan,2018,Rogue
Nissan,2018,Rogue Sport
Nissan,2018,Sentra
Nissan,2018,Titan
Nissan,2018,Titan XD
Nissan,2018,Versa Note
RAM,2018,ProMaster Cab Chassis
RAM,2018,ProMaster Cargo Van
RAM,2018,ProMaster Cutaway
RAM,2018,ProMaster Window Van
RAM,2018,Promaster City
RAM,2018,Ram 1500 Pickup
RAM,2018,Ram 2500 Pickup
RAM,2018,Ram 3500 Chassis Cab
RAM,2018,Ram 3500 Pickup
RAM,2018,Ram 4500 Chassis Cab
Subaru,2018,BRZ
Subaru,2018,Crosstrek
Subaru,2018,Forester
Subaru,2018,Impreza
Subaru,2018,Legacy
Subaru,2018,Outback
Subaru,2018,WRX
Subaru,2018,WRX STI
Toyota,2018,4Runner
Toyota,2018,86
Toyota,2018,Avalon
Toyota,2018,C-HR
Toyota,2018,Camry
Toyota,2018,Corolla
Toyota,2018,Corolla iM
Toyota,2018,Highlander
Toyota,2018,Land Cruiser
Toyota,2018,Mirai
Toyota,2018,Prius
Toyota,2018,Prius Prime
Toyota,2018,Prius c
Toyota,2018,RAV4
Toyota,2018,Sequoia
Toyota,2018,Sienna
Toyota,2018,Tacoma
Toyota,2018,Tundra
Toyota,2018,Yaris
Toyota,2018,Yaris iA
Volvo,2018,S60
Volvo,2018,S90
Volvo,2018,V60
Volvo,2018,V90
Volvo,2018,V90 Cross Country
Volvo,2018,XC60
Volvo,2018,XC90
Acura,2019,ILX
Acura,2019,MDX
Acura,2019,NSX
Acura,2019,RDX
Acura,2019,RLX
Acura,2019,TLX
Audi,2019,A3 Cabriolet
Audi,2019,A3 Sedan
Audi,2019,A4
Audi,2019,A5 Cabriolet
Audi,2019,A5 Coupe
Audi,2019,A5 Sportback
Audi,2019,A6
Audi,2019,A7
Audi,2019,A8
Audi,2019,Q3
Audi,2019,Q5
Audi,2019,Q7
Audi,2019,Q8
Audi,2019,RS 3
Audi,2019,RS 5 Coupe
Audi,2019,RS 5 Sportback
Audi,2019,S3
Audi,2019,S4
Audi,2019,S5 Cabriolet
Audi,2019,S5 Coupe
BMW,2019,2 Series
BMW,2019,3 Series
BMW,2019,4 Series
BMW,2019,5 Series
BMW,2019,6 Series Gran Coupe
BMW,2019,6 Series Gran Turismo
BMW,2019,7 Series
BMW,2019,8 Series
BMW,2019,ALPINA B6 Gran Coupe
BMW,2019,M2 Coupe
BMW,2019,M4 Convertible
BMW,2019,M4 Coupe
BMW,2019,M5
BMW,2019,M6 Gran Coupe
BMW,2019,X1
BMW,2019,X2
BMW,2019,X2 M
BMW,2019,X3
BMW,2019,X4
BMW,2019,X5
Buick,2019,Cascada
Buick,2019,Enclave
Buick,2019,Encore
Buick,2019,Envision
Buick,2019,LaCrosse
Buick,2019,Regal Sportback
Buick,2019,Regal TourX
Chevrolet,2019,Blazer
Chevrolet,2019,Bolt EV
Chevrolet,2019,Camaro
Chevrolet,2019,Colorado
Chevrolet,2019,Corvette
Chevrolet,2019,Cruze
Chevrolet,2019,Equinox
Chevrolet,2019,Express Cargo
Chevrolet,2019,Express Cutaway
Chevrolet,2019,Express Passenger
Chevrolet,2019,Impala
Chevrolet,2019,Low Cab Forward
Chevrolet,2019,Malibu
Chevrolet,2019,Silverado 1500
Chevrolet,2019,Silverado 1500 LD
Chevrolet,2019,Silverado 2500HD
Chevrolet,2019,Silverado 3500 Chassis Cab
Chevrolet,2019,Silverado 3500HD
Chevrolet,2019,Silverado 4500 Medium Duty Chassis Cab
Chevrolet,2019,Sonic
Chrysler,2019,300
Chrysler,2019,Pacifica
Chrysler,2019,Pacifica Hybrid
Dodge,2019,Challenger
Dodge,2019,Charger
Dodge,2019,Durango
Dodge,2019,Grand Caravan
Dodge,2019,Journey
Fiat,2019,124 Spider
Fiat,2019,500
Fiat,2019,500L
Fiat,2019,500X
Fiat,2019,500c
Fiat,2019,500e
Ford,2019,E-Series Cutaway
Ford,2019,EcoSport
Ford,2019,Edge
Ford,2019,Escape
Ford,2019,Expedition
Ford,2019,Explorer
Ford,2019,F-150
Ford,2019,F-250 Super Duty
Ford,2019,F-350 Super Duty
Ford,2019,F-350 Super Duty Chassis Cab
Ford,2019,F-450 Super Duty
Ford,2019,F-450 Super Duty Chassis Cab
Ford,2019,F-550 Super Duty Chassis Cab
Ford,2019,Fiesta
Ford,2019,Flex
Ford,2019,Fusion
Ford,2019,Fusion Energi
Ford,2019,Fusion Hybrid
Ford,2019,Mustang
Ford,2019,Ranger
GMC,2019,Acadia
GMC,2019,Canyon
GMC,2019,Savana Cargo
GMC,2019,Savana Cutaway
GMC,2019,Savana Passenger
GMC,2019,Sierra 1500
GMC,2019,Sierra 1500 Denali
GMC,2019,Sierra 1500 Limited
GMC,2019,Sierra 2500 Denali HD
GMC,2019,Sierra 2500HD
GMC,2019,Sierra 3500 Chassis Cab
GMC,2019,Sierra 3500 Denali HD
GMC,2019,Sierra 3500HD
GMC,2019,Terrain
GMC,2019,Yukon
GMC,2019,Yukon XL
Honda,2019,Accord
Honda,2019,CR-V
Honda,2019,Civic
Honda,2019,Civic Hatchback
Honda,2019,Clarity
Honda,2019,Fit
Honda,2019,HR-V
Honda,2019,Insight
Honda,2019,Odyssey
Honda,2019,Passport
Honda,2019,Pilot
Honda,2019,Ridgeline
Hyundai,2019,Accent
Hyundai,2019,Elantra
Hyundai,2019,Elantra GT
Hyundai,2019,Ioniq
Hyundai,2019,Kona
Hyundai,2019,Kona EV
Hyundai,2019,Nexo
Hyundai,2019,Santa Fe
Hyundai,2019,Sonata
Hyundai,2019,Sonata Hybrid
Hyundai,2019,Sonata Plug-in Hybrid
Hyundai,2019,Tucson
Hyundai,2019,Veloster
Infiniti,2019,Q50
Infiniti,2019,Q60 Coupe
Infiniti,2019,Q70
Infiniti,2019,Q70L
Infiniti,2019,QX30
Infiniti,2019,QX50
Infiniti,2019,QX60
Infiniti,2019,QX80
Jeep,2019,All-New Wrangler
Jeep,2019,All-New Wrangler Unlimited
Jeep,2019,Cherokee
Jeep,2019,Compass
Jeep,2019,Grand Cherokee
Jeep,2019,Renegade
Jeep,2019,Wrangler Unlimited
Kia,2019,Cadenza
Kia,2019,Forte
Kia,2019,K900
Kia,2019,Niro
Kia,2019,Optima
Kia,2019,Rio
Kia,2019,Rio 5-Door
Kia,2019,Sedona
Kia,2019,Sorento
Kia,2019,Soul
Kia,2019,Sportage
Kia,2019,Stinger
Lincoln,2019,Continental
Lincoln,2019,MKC
Lincoln,2019,MKT
Lincoln,2019,MKZ
Lincoln,2019,Nautilus
Lincoln,2019,Navigator
Mazda,2019,CX-3
Mazda,2019,CX-5
Mazda,2019,CX-9
Mazda,2019,MAZDA6
Mazda,2019,MX-5 Miata
Mazda,2019,MX-5 Miata RF
Mazda,2019,Mazda3
Nissan,2019,370Z Coupe
Nissan,2019,370Z Roadster
Nissan,2019,Altima
Nissan,2019,Armada
Nissan,2019,Frontier
Nissan,2019,GT-R
Nissan,2019,Kicks
Nissan,2019,LEAF
Nissan,2019,Maxima
Nissan,2019,Murano
Nissan,2019,NV Cargo
Nissan,2019,NV Passenger
Nissan,2019,NV200
Nissan,2019,Pathfinder
Nissan,2019,Rogue
Nissan,2019,Rogue Sport
Nissan,2019,Sentra
Nissan,2019,Titan
Nissan,2019,Titan XD
Nissan,2019,Versa Note
RAM,2019,ProMaster Cab Chassis
RAM,2019,ProMaster Cargo Van
RAM,2019,ProMaster Cutaway
RAM,2019,ProMaster Window Van
RAM,2019,Promaster City
RAM,2019,Ram 1500 Classic
RAM,2019,Ram 1500 Pickup
RAM,2019,Ram 2500 Pickup
RAM,2019,Ram 3500 Chassis Cab
RAM,2019,Ram 3500 Pickup
RAM,2019,Ram 4500 Chassis Cab
RAM,2019,Ram 5500 Chassis Cab
Subaru,2019,Ascent
Subaru,2019,BRZ
Subaru,2019,Crosstrek
Subaru,2019,Forester
Subaru,2019,Impreza
Subaru,2019,Legacy
Subaru,2019,Outback
Subaru,2019,WRX
Subaru,2019,WRX STI
Toyota,2019,4Runner
Toyota,2019,86
Toyota,2019,Avalon
Toyota,2019,C-HR
Toyota,2019,Camry
Toyota,2019,Corolla
Toyota,2019,Corolla Hatchback
Toyota,2019,Highlander
Toyota,2019,Land Cruiser
Toyota,2019,Mirai
Toyota,2019,Prius
Toyota,2019,Prius Prime
Toyota,2019,Prius c
Toyota,2019,RAV4
Toyota,2019,Sequoia
Toyota,2019,Sienna
Toyota,2019,Tacoma
Toyota,2019,Tundra
Toyota,2019,Yaris
Volvo,2019,S60
Volvo,2019,S90
Volvo,2019,V60
Volvo,2019,V90
Volvo,2019,V90 Cross Country
Volvo,2019,XC40
Volvo,2019,XC60
Volvo,2019,XC90
Acura,2020,ILX
Acura,2020,MDX
Acura,2020,NSX
Acura,2020,RDX
Acura,2020,RLX
Acura,2020,TLX
